<?xml version='1.0' encoding='UTF-8' ?>
<timeLogEntries>
  <time id="1" path="/Tiempo personal Santiago Rodas/PSP0/Planning" start="@1599684141318" delta="51" />
  <time id="2" path="/Tiempo personal Santiago Rodas/PSP0/Planning" start="@1599697909687" delta="50" />
  <time id="3" path="/Tiempo personal Santiago Rodas/PSP0/Planning" start="@1599702928253" delta="21" />
  <time id="4" path="/Tiempo personal Santiago Rodas/PSP0/Planning" start="@1599853204077" delta="16" />
  <time id="5" path="/Tiempo personal Santiago Rodas/PSP0/Design" start="@1599962771668" delta="31" />
  <time id="6" path="/Tiempo personal Santiago Rodas/PSP0/Design" start="@1600443526326" delta="21" />
  <time id="7" path="/Tiempo personal Santiago Rodas/PSP0/Design" start="@1600460027818" delta="39" />
  <time id="8" path="/Tiempo personal Santiago Rodas/PSP0/Code" start="@1600877217985" delta="35" />
  <time id="9" path="/Tiempo personal Santiago Rodas/PSP0/Code" start="@1600880945690" delta="6" />
  <time id="10" path="/Tiempo personal Santiago Rodas/PSP0/Code" start="@1600893850316" delta="151" interrupt="8" />
  <time id="11" path="/Tiempo personal Santiago Rodas/PSP0/Code" start="@1601154772293" delta="138" />
  <time id="12" path="/Tiempo personal Santiago Rodas/PSP0/Test" start="@1601163053659" delta="25" />
  <time id="13" path="/Tiempo personal Santiago Rodas/PSP0/Test" start="@1601165050425" delta="5" />
  <time id="14" path="/Tiempo personal Santiago Rodas/PSP0/Compile" start="@1601165352268" delta="11" />
  <time id="15" path="/Tiempo personal Santiago Rodas/PSP0/Code" start="@1601166042321" delta="5" interrupt="29" />
  <time id="16" path="/Tiempo personal Santiago Rodas/PSP0/Test" start="@1601168078284" delta="59" />
  <time id="17" path="/Tiempo personal Santiago Rodas/PSP0/Test" start="@1601220479654" delta="1" />
  <time id="18" path="/Tiempo personal Santiago Rodas/PSP0/Compile" start="@1601220615157" delta="3" />
  <time id="19" path="/Tiempo personal Santiago Rodas/PSP0/Test" start="@1601223210770" delta="34" />
  <time id="20" path="/Tiempo personal Santiago Rodas/PSP0/Code" start="@1601240062271" delta="18" />
  <time id="21" path="/Tiempo personal Santiago Rodas/PSP0/Test" start="@1601241135566" delta="156" />
  <time id="22" path="/Tiempo personal Santiago Rodas/PSP0/Code" start="@1601250495890" delta="44" />
  <time id="23" path="/Tiempo personal Santiago Rodas/PSP0/Code" start="@1601256535606" delta="30" />
  <time id="24" path="/Tiempo personal Santiago Rodas/PSP0/Compile" start="@1601258346184" delta="4" />
  <time id="25" path="/Tiempo personal Santiago Rodas/PSP0/Code" start="@1601258618331" delta="23" />
  <time id="26" path="/Tiempo personal Santiago Rodas/PSP0/Test" start="@1601300132497" delta="57" />
  <time id="27" path="/Tiempo personal Santiago Rodas/PSP0/Postmortem" start="@1601303598944" delta="23" />
  <time id="28" path="/Tiempo personal Santiago Rodas/PSP0/Test" start="@1601323079483" delta="40" />
  <time id="29" path="/Tiempo personal Santiago Rodas/PSP0/Code" start="@1601345433966" delta="29" />
  <time id="30" path="/Tiempo personal Santiago Rodas/PSP0/Test" start="@1601347157469" delta="27" />
  <time id="31" path="/Tiempo personal Santiago Rodas/PSP0/Design" start="@1601386954254" delta="44" interrupt="8" />
  <time id="32" path="/Tiempo personal Santiago Rodas/PSP0/Design" start="@1601398725867" delta="14" />
  <time id="33" path="/Proyecto/Tiempo personal T.I.2/Planning" start="@1602608964725" delta="34" />
  <time id="34" path="/Proyecto/Tiempo personal T.I.2/Planning" start="@1603572308718" delta="194" />
  <time id="35" path="/Proyecto/Tiempo personal T.I.2/Code" start="@1603806519839" delta="30" />
  <time id="36" path="/Proyecto/Tiempo personal T.I.2/Code" start="@1603912279666" delta="96" />
  <time id="37" path="/Proyecto/Tiempo personal T.I.2/Code" start="@1604244987785" delta="51" />
  <time id="38" path="/Proyecto/Tiempo personal T.I.2/Test" start="@1604268182855" delta="21" />
  <time id="39" path="/Proyecto/Tiempo personal T.I.2/Test" start="@1604323594511" delta="10" />
  <time id="40" path="/Proyecto/Tiempo personal T.I.2/Design" start="@1604324218547" delta="6" />
  <time id="41" path="/Proyecto/Tiempo personal T.I.2/Design" start="@1604347579594" delta="17" />
  <time id="42" path="/Proyecto/Tiempo personal T.I.2/Test" start="@1604348575721" delta="80" />
  <time id="43" path="/Proyecto/Tiempo personal T.I.2/Design" start="@1604409544572" delta="35" />
  <time id="44" path="/Proyecto/Tiempo personal T.I.2/Code" start="@1604411642869" delta="43" />
  <time id="45" path="/Proyecto/Tiempo personal T.I.2/Test" start="@1604494932265" delta="22" />
  <time id="46" path="/Proyecto/Tiempo personal T.I.2/Test" start="@1604627753989" delta="19" />
  <time id="47" path="/Proyecto/Tiempo personal T.I.2/Test" start="@1604630028451" delta="3" />
  <time id="48" path="/Proyecto/Tiempo personal T.I.2/Code" start="@1604670411863" delta="26" />
  <time id="49" path="/Proyecto/Tiempo personal T.I.2/Code" start="@1604693674200" delta="12" />
  <time id="50" path="/Proyecto/Tiempo personal T.I.2/Test" start="@1604694408303" delta="31" />
  <time id="51" path="/Proyecto/Tiempo personal T.I.2/Design" start="@1604696275588" delta="6" />
  <time id="52" path="/Proyecto/Tiempo personal T.I.2/Code" start="@1604704079594" delta="7" />
  <time id="53" path="/Proyecto/Tiempo personal T.I.2/Design" start="@1604707802729" delta="51" />
  <time id="54" path="/Proyecto/Tiempo personal T.I.2/Test" start="@1604710865189" delta="31" />
  <time id="55" path="/Proyecto/Tiempo personal T.I.2/Code" start="@1604712752595" delta="37" />
  <time id="56" path="/Proyecto/Tiempo personal T.I.2/Code" start="@1604717298676" delta="37" />
  <time id="57" path="/Proyecto/Tiempo personal T.I.2/Code" start="@1604719858260" delta="4" />
  <time id="58" path="/Proyecto/Tiempo personal T.I.2/Code" start="@1604721313340" delta="11" />
  <time id="59" path="/Proyecto/Tiempo personal T.I.2/Postmortem" start="@1604721998118" delta="23" />
  <time id="60" path="/Proyecto/Tiempo personal T.I.2/Code" start="@1604723390473" delta="97" />
</timeLogEntries>
