<?xml version='1.0' encoding='UTF-8' ?>
<timeLogEntries>
  <time id="2" path="/Project/TI 1/Planning" start="@1599949029923" delta="74" interrupt="15" comment="Reviewed Ing. Method" />
  <time id="4" path="/Project/TI 1/Design" start="@1599954488661" delta="55" comment="Class Diagram design" />
  <time id="6" path="/Project/TI 1/Planning" start="@1599844800000" delta="40" comment="added later, missing from friday" />
  <time id="7" path="/Project/TI 1/Code" start="@1600561299862" delta="11" comment="Advance I" />
  <time id="8" path="/Project/TI 1/Design" start="@1600561987393" delta="26" comment="Class Diagram design" />
  <time id="9" path="/Project/TI 1/Design" start="@1600567018061" delta="35" comment="Class Diagram design" />
  <time id="10" path="/Project/TI 1/Design" start="@1600570027743" delta="85" comment="Class Diagram design" />
  <time id="11" path="/Project/TI 1/Code" start="@1600829162799" delta="63" interrupt="8" comment="Advance II" />
  <time id="12" path="/Project/TI 1/Code" start="@1600894904000" delta="302" comment="Advance III" />
  <time id="13" path="/Project/TI 1/Code" start="@1601087004000" delta="74" comment="Advance IV" />
  <time id="14" path="/Project/TI 1/Code" start="@1601176735543" delta="60" comment="Advance V" />
  <time id="15" path="/Project/TI 1/Code" start="@1601234024000" delta="12" comment="Advance VI" />
  <time id="16" path="/Project/TI 1/Code" start="@1601236126332" delta="57" comment="Bug fixes" />
  <time id="17" path="/Project/TI 1/Code" start="@1601241653000" delta="154" comment="Redsign GUI, add functionality to attend next button" />
  <time id="19" path="/Project/TI 1/Test" start="@1601263244000" delta="4" comment="Bug fix of add and search credit cards and savings accounts in ActiveClient" />
  <time id="20" path="/Project/TI 1/Code" start="@1601334216943" delta="406" comment="Finished half of bank operations, others still pending, changed how bank reference was passed thorugh controllers" />
  <time id="21" path="/Project/TI 1/Code" start="@1601421430466" delta="118" comment="Finished operations, bug fixes" />
  <time id="22" path="/Project/TI 1/Code" start="@1601483664702" delta="21" comment="Bug fixes in sorting clients" />
  <time id="23" path="/Project/TI 1/Code" start="@1601489312384" delta="4" comment="Bug fixes in sorting clients" />
  <time id="24" path="/Project/TI 2/Planning" start="@1602608964837" delta="35" comment="Problem statement reading, engineering method scheme done" />
  <time id="25" path="/Project/TI 2/Planning" start="@1603155682365" delta="18" interrupt="3" comment="Added missing functional and non functional requierements" />
  <time id="26" path="/Project/TI 2/Planning" start="@1603157355737" delta="23" comment="Information Searching for Ing.Method stage 2" />
  <time id="27" path="/Project/TI 2/Planning" start="@1603161421948" delta="25" comment="Redacting of Ing.Method Stage 2" />
  <time id="28" path="/Project/TI 2/Code" start="@1603163825774" delta="35" interrupt="3" comment="BST and AVL advance" />
  <time id="29" path="/Project/TI 2/Code" start="@1603167771000" delta="37" comment="BST and AVL advance" />
  <time id="31" path="/Project/TI 2/Code" start="@1603202400000" delta="180" comment="BST and AVL advance, add method" />
  <time id="32" path="/Project/TI 2/Code" start="@1603317600000" delta="120" comment="BST advance ,fixed remove and add methods, implemented some tests" />
  <time id="33" path="/Project/TI 2/Code" start="@1603326600000" delta="25" comment="BST advance, added tree traversals" />
  <time id="35" path="/Project/TI 2/Code" start="@1603404900000" delta="105" comment="AVL advance" />
  <time id="36" path="/Project/TI 2/Code" start="@1603397227000" delta="120" comment="AVL advance" />
  <time id="37" path="/Project/TI 2/Code" start="@1603471800000" delta="40" comment="AVL advance" />
  <time id="38" path="/Project/TI 2/Code" start="@1603479600000" delta="60" comment="Finished AVL and fixed some methods in BST" />
  <time id="39" path="/Project/TI 2/Planning" start="@1603573200000" delta="180" comment="Finished Ing method, pending diagrams" />
  <time id="40" path="/Project/TI 2/Design" start="@1603763857930" delta="72" comment="BST, AVL, BR and Trie class diagram" />
  <time id="41" path="/Project/TI 2/Design" start="@1603769349945" delta="3" comment="BST, AVL, BR and Trie class diagram" />
  <time id="42" path="/Project/TI 2/Design" start="@1603770395877" delta="44" comment="BST, AVL, BR and Trie class diagram" />
  <time id="43" path="/Project/TI 2/Design" start="@1603810078181" delta="42" comment="BRT and trie class diagram" />
  <time id="44" path="/Project/TI 2/Design" start="@1603815059783" delta="50" comment="BRT and trie class diagram" />
  <time id="45" path="/Project/TI 2/Code" start="@1603818059000" delta="31" comment="Added RBTree and RBTreeNode" />
  <time id="46" path="/Project/TI 2/Code" start="@1603819892531" delta="14" comment="Working on add method to RBTree" />
  <time id="47" path="/Project/TI 2/Code" start="@1603822542000" delta="17" comment="Added add method to RBTree/From here on research time is taken into account" />
  <time id="48" path="/Project/TI 2/Code" start="@1603847403723" delta="31" comment="Added remove method to RBTree" />
  <time id="49" path="/Project/TI 2/Code" start="@1603941181000" delta="152" comment="Added all methods to trie, implemented Person clone" />
  <time id="50" path="/Project/TI 2/Code" start="@1604006463627" delta="54" interrupt="2" comment="Added serializable to collections classes" />
  <time id="51" path="/Project/TI 2/Code" start="@1604011935280" delta="72" interrupt="2" comment="Working on random generation" />
  <time id="52" path="/Project/TI 2/Code" start="@1604019376785" delta="60" comment="working on random generation" />
  <time id="53" path="/Project/TI 2/Code" start="@1604020264000" delta="120" comment="Working on random generation" />
  <time id="54" path="/Project/TI 2/Code" start="@1604027487490" delta="20" comment="Finished working on random generation" />
  <time id="55" path="/Project/TI 2/Code" start="@1604153789245" delta="15" comment="Changed search methods slightyly on dataBaseManager, add method savePerson" />
  <time id="56" path="/Project/TI 2/Code" start="@1604202515784" delta="81" comment="Added methods to DataBaseManager" />
  <time id="57" path="/Project/TI 2/Code" start="@1604261923986" delta="77" comment="Working on duplicates on structures" />
  <time id="58" path="/Project/TI 2/Code" start="@1604269333928" delta="46" comment="Added duplicate support for binary search tree structures" />
  <time id="59" path="/Project/TI 2/Compile" start="@1604272314142" delta="1" comment="Test compile ok" />
  <time id="60" path="/Project/TI 2/Code" start="@1604276110974" delta="79" comment="Working on UI" />
  <time id="61" path="/Project/TI 2/Code" start="@1604283833763" delta="193" comment="Working on UI" />
  <time id="62" path="/Project/TI 2/Code" start="@1604324413827" delta="56" comment="Working on UI" />
  <time id="63" path="/Project/TI 2/Code" start="@1604328937000" delta="85" comment="Working on UI" />
  <time id="64" path="/Project/TI 2/Code" start="@1604338992183" delta="339" interrupt="15" comment="Working on UI" />
  <time id="65" path="/Project/TI 2/Test" start="@1604461112611" delta="17" comment="Trie test" />
  <time id="66" path="/Project/TI 2/Test" start="@1604464222000" delta="50" comment="Trie test" />
  <time id="67" path="/Project/TI 2/Test" start="@1604501564104" delta="60" comment="Trie test" />
  <time id="68" path="/Project/TI 2/Test" start="@1604511535737" delta="338" interrupt="1" comment="Trie test" />
  <time id="69" path="/Project/TI 2/Test" start="@1604577294854" delta="88" comment="Finish trie test" />
  <time id="70" path="/Project/TI 2/Test" start="@1604606943665" delta="268" comment="Workin on red black tree test - Will be fix after milestone 1" />
  <time id="71" path="/Project/TI 2/Code" start="@1604661897095" delta="5" comment="Woking on UI and bug fixes" />
  <time id="72" path="/Project/TI 2/Test" start="@1604662206493" delta="13" />
  <time id="73" path="/Project/TI 2/Code" start="@1604662975104" delta="23" comment="Woking on UI and bug fixes" />
  <time id="74" path="/Project/TI 2/Code" start="@1604673259689" delta="300" comment="Woking on UI and bug fixes" />
  <time id="75" path="/Project/TI 2/Code" start="@1604703351742" delta="312" interrupt="120" comment="Woking on UI and bug fixes" />
</timeLogEntries>
